Kode I-O,Nama Sektor,Kode sektor KSM,Klasifikasi Sektor Makro (KSM),KSM (17 Sektor),1,2,3,4,5,6,7,8,9,10,11,12,13,14,15,16,17,18,19,20,21,22,23,24,25,26,27,28,29,30,31,32,33,34,35,36,37,38,39,40,41,42,43,44,45,46,47,48,49,50,51,52,53,54,55,56,57,58,59,60,61,62,63,64,65,66,180,301,302,303,304,305,309,310,409,509,600,700
1,Padi,A.1.a ,Tanaman Pangan,"Pertanian, Kehutanan, dan Perikanan",823391.0411,0,0,0,0,0,0,0,0,0,50283.59351,0,0,0,0,0,0,0,0,0,0,10011467.42,0,587779.4805,299257.3003,0,0,0,0,0,0,0,0,0,0,0,0,0,0,0,0,0,0,0,0,0,0,0,0,0,0,0,0,0,6007.089852,0,0,0,0,0,0,0,0,0,0,0,11778185.92,0,0,0,-4241.843024,2996074.818,2991832.975,14770018.9,0,0,14770018.9,14770018.9
2,Jagung,A.1.a ,Tanaman Pangan,"Pertanian, Kehutanan, dan Perikanan",0,27245.62815,0,0,0,0,0,0,0,0,33895.34693,0,0,0,0,0,0,0,0,0,0,438813.3105,0,405770.7669,264544.7833,0,0,0,0,0,0,0,0,0,0,0,0,0,0,0,0,0,0,0,0,0,0,0,0,0,0,0,0,0,18128.23396,0,0,0,0,0,0,0,0,0,0,0,1188398.07,21966.13971,0,0,-883.346964,95130.93413,116213.7269,1304611.797,0,0,1304611.797,1304611.797
3,Tanaman pangan dan tanaman semusim lainnya,A.1.a,Tanaman Pangan,"Pertanian, Kehutanan, dan Perikanan",0,0,69697.95061,0,0,0,0,0,0,0,33968.62874,0,0,0,0,0,0,0,0,0,0,806015.5422,0,759348.4575,122890.4278,0,0,15.414143,0,0,0,0,0,0,0,0,0,0,0,0,0,0,0,0,0,0,0,0,0,0,0,0,0,0,32567.0452,0,0,0,0,0,0,0,0,0,0,0,1824503.466,228724.8169,0,0,6307.647636,140276.19,375308.6545,2199812.121,0,0,2199812.121,2199812.121
4,"Hortikultura, tanaman hias, dan pengembangbiakan tanaman",A.1.b ,Tanaman Hortikultura,"Pertanian, Kehutanan, dan Perikanan",0,0,0,210435.6906,0,0,0,0,0,0,85974.98557,0,0,0,0,0,0,0,0,1087037.436,0,0,0,2214053.172,0,468630.8299,0,0,0,0,0,0,0,0,0,0,0,0,0,0,0,0,0,0,0,0,0,0,0,0,0,0,0,0,195497.0698,0,0,0,0,0,0,0,0,0,0,0,4261629.184,746104.5449,0,79026.1837,11114.78903,283958.4579,1120203.976,5381833.16,0,0,5381833.16,5381833.16
5,Tebu,A.1.c,Tanaman Perkebunan,"Pertanian, Kehutanan, dan Perikanan",0,0,0,0,235.796478,0,0,0,0,0,992.86736,0,0,0,0,0,0,0,0,0,0,0,29187.13683,1899.886197,0,198.328123,0,0,0,0,0,0,0,0,0,0,0,0,0,0,0,0,0,0,0,0,0,0,0,0,0,0,0,0,184.245962,0,0,0,0,0,0,0,0,0,0,0,32698.26095,0,0,0,101.234501,3780.863301,3882.097802,36580.35876,0,0,36580.35876,36580.35876
6,Tembakau,A.1.c,Tanaman Perkebunan,"Pertanian, Kehutanan, dan Perikanan",0,0,0,0,0,524.11863,0,0,0,0,246.130433,0,0,0,0,0,0,0,0,0,0,0,0,0,0,0,3521.362437,0,0,0,0,0,0,0,0,0,0,0,0,0,0,0,0,0,0,0,0,0,0,0,0,0,0,0,230.316665,0,0,0,0,0,0,0,0,0,0,0,4521.928165,0,0,0,914.726748,142268.7256,143183.4523,147705.3805,0,0,147705.3805,147705.3805
7,Kelapa dan tanaman penghasil minyak lainnya,A.1.c,Tanaman Perkebunan,"Pertanian, Kehutanan, dan Perikanan",0,0,0,0,0,0,129350.0056,0,0,0,907.403371,0,0,0,0,0,0,0,0,0,1242505.72,0,0,242949.8897,8884.38537,59296.8935,0,214.548881,0,0,0,0,91434.29212,0,0,0,0,0,0,0,0,0,0,0,0,0,0,0,0,0,0,0,0,0,21834.63822,0,0,0,0,0,0,0,0,0,0,0,1797377.776,1035148.365,0,0,35705.71182,291426.9159,1362280.993,3159658.769,0,0,3159658.769,3159658.769
8,"Kopi, teh, dan kakao",A.1.c,Tanaman Perkebunan,"Pertanian, Kehutanan, dan Perikanan",0,0,0,0,0,0,0,2345.743436,0,0,190.090699,0,0,0,0,0,0,0,0,0,0,0,0,275781.9665,0,46944.61107,0,0,0,0,0,0,2138.304185,0,0,0,0,0,0,0,0,0,0,0,0,0,0,0,0,0,0,0,0,0,3922.086998,0,0,0,0,0,0,0,0,0,0,0,331322.8029,0,0,0,8196.524925,54242.39543,62438.92036,393761.7232,0,0,393761.7232,393761.7232
9,"Rempah, tanaman aromatik, dan tanaman obat",A.1.c,Tanaman Perkebunan,"Pertanian, Kehutanan, dan Perikanan",0,0,0,0,0,0,0,0,7776.786987,0,664.416065,0,0,0,0,0,0,0,0,39196.3187,0,0,0,389335.9665,0,39046.71596,0,0,0,0,0,0,27924.09865,0,0,0,0,0,0,0,0,0,0,0,0,0,0,0,0,0,0,0,0,0,2765.73352,0,0,0,0,0,0,0,0,0,0,0,506710.0364,169622.8891,0,0,3882.13433,47223.62096,220728.6444,727438.6808,0,0,727438.6808,727438.6808
10,Karet dan tanaman tahunan lainnya,A.1.c,Tanaman Perkebunan,"Pertanian, Kehutanan, dan Perikanan",0,0,0,0,0,0,0,0,0,446292.5837,1662.734891,0,0,0,0,0,0,0,0,0,0,0,0,2418881.092,28598.79954,0,0,0,0,0,0,0,33264.70626,128153.4734,0,0,0,0,0,0,0,0,0,0,0,0,0,0,0,0,0,0,0,0,33758.91283,0,0,0,0,0,0,0,0,0,0,0,3090612.302,0,0,933450.1346,17247.87673,903415.9344,1854113.946,4944726.248,0,0,4944726.248,4944726.248
11,Peternakan dan hasil-hasilnya,A.1.d,Peternakan,"Pertanian, Kehutanan, dan Perikanan",124519.7477,11655.51446,20186.42959,71061.851,3472.93554,12853.67405,68071.55902,6233.346817,22972.27533,15271.23338,141426.1714,0,0,0,0,0,0,0,0,3769107.47,401844.0366,0,0,928476.1489,146184.7681,100244.7615,0,0,0,3128.010053,0,0,0,0,0,0,0,0,0,0,0,0,0,0,0,0,0,0,0,0,0,0,0,0,131137.6078,0,0,0,0,0,0,0,0,0,0,0,5977847.541,810034.8443,0,192110.1881,21640.66085,551802.2515,1575587.945,7553435.486,0,0,7553435.486,7553435.486
12,"Jasa pertanian, pascapanen, perburuan, dan kegiatan penunjang",A.1.e,Jasa Pertanian dan Perburuan,"Pertanian, Kehutanan, dan Perikanan",634007.9148,49151.57039,142938.1344,173782.7429,1833.129437,7913.92313,220946.4643,19502.75441,40422.34306,363037.4611,67047.03449,61189.63579,102790.7012,0,0,0,0,0,0,0,0,0,0,0,0,0,0,0,0,0,0,0,0,0,0,0,0,0,0,0,0,0,0,0,0,0,0,0,0,0,0,0,0,0,0,0,0,0,0,0,0,0,0,0,0,0,1884563.809,0,0,0,0,107235.0971,107235.0971,1991798.907,0,0,1991798.907,1991798.907
13,Kehutanan dan penebangan kayu,A.2 ,Kehutanan dan penebangan Kayu,"Pertanian, Kehutanan, dan Perikanan",0,0,0,0,0,0,0,0,0,0,0,0,1890.351026,0,0,0,0,0,0,0,0,0,0,0,0,0,0,0,0,0,1493355.069,10736.08038,0,0,0,0,0,0,0,0,0,0,0,0,0,0,0,0,0,0,0,0,0,0,2227.246466,0,0,0,0,0,0,0,0,0,0,0,1508208.747,524.682136,0,4649.196964,293.886788,71019.58115,76487.34704,1584696.094,0,0,1584696.094,1584696.094
14,Perikanan tangkap,A.3 ,Perikanan,"Pertanian, Kehutanan, dan Perikanan",0,0,0,0,0,0,0,0,0,0,0,0,0,20675.21058,2420.671583,0,0,0,0,2106581.122,0,0,0,226637.1736,2896.706851,0,0,0,0,0,0,0,0,0,0,0,0,0,0,0,0,0,0,0,0,0,0,0,0,0,0,0,0,0,28698.28887,0,0,0,0,0,0,0,0,0,0,0,2387909.174,253744.0071,0,0,5859.362187,176952.2275,436555.5967,2824464.771,0,0,2824464.771,2824464.771
15,Perikanan budidaya,A.3,Perikanan,"Pertanian, Kehutanan, dan Perikanan",0,0,0,0,0,0,0,0,0,0,0,0,0,0,56053.5099,0,0,0,0,1000652.603,0,0,0,366808.1132,9139.85374,0,0,0,0,0,0,0,0,0,0,0,0,0,0,0,0,0,0,0,0,0,0,0,0,0,0,0,0,0,53770.51209,0,0,0,0,0,0,0,0,0,0,0,1486424.592,214785.2419,0,0,4787.000986,116350.1813,335922.4242,1822347.017,0,0,1822347.017,1822347.017
16,"Minyak bumi, gas bumi, panas bumi, dan jasa penunjangnya",B.1 ,"Pertambangan Minyak, Gas dan Panas Bumi",Pertambangan dan Penggalian,0,0,0,0,0,0,0,0,0,0,0,0,0,0,0,58.530469,5.110721,0,0,0,0,0,0,0,0,0,0,0,0,0,0,0,66.620956,0,0,0,0,0,0,0,0,0,1.442484,0.519268,0,0,0,0,0,0,0,0,0,0,0,0,0,0,0,0,0,0,0,0,0,0,132.223898,0,0,0,28.937391,10355.75732,10384.69471,10516.91861,0,0,10516.91861,10516.91861
17,"Batubara, bijih logam, mineral lainnya, dan jasa penunjang",B.2,Pertambangan Batubara dan Lignit,Pertambangan dan Penggalian,0,0,0,0,0,0,0,0,0,0,0,0,0,0,0,24.364488,10194.74894,82700.87177,122.778451,0,0,0,0,0,0,0,0,0,0,0,0,0,7475.178056,0,875.840882,1904.137259,0,0,0,0,0,0,666.978035,0.002798,0,0,0,0,0,0,0,0,0,0,0,0,0,0,0,0,0,0,0,0,0,0,103964.9007,0,0,0,-398.087209,149792.8893,149394.8021,253359.7028,0,0,253359.7028,253359.7028
18,"Penggalian batu, pasir, tanah liat, garam, dan penggalian lainnya",B.4,Pertambangan dan Penggalian Lainnya,Pertambangan dan Penggalian,0,0,0,0,0,0,0,0,0,0,0,0,0,0,0,154.390904,865.199351,687522.0674,593.568781,0,0,0,0,0,0,0,0,0,0,0,0,0,35125.06769,0,2255795.985,32276.21827,0,0,0,0,0,0,340.670796,0.078834,0,0,0,0,0,0,0,0,0,0,0,0,0,0,0,0,0,0,0,0,0,0,3012673.247,0,0,0,186828.0387,13969051.66,14155879.7,17168552.94,0,0,17168552.94,17168552.94
19,Industri produk batubara dan pengilangan minyak bumi,C.1,Industri Batubara dan Pengilangan Migas,Industri Pengolahan,45131.00205,5714.042972,6659.875413,24252.30506,0,0,36739.37281,5351.325374,13192.87604,121209.6949,9152.633231,291555.1129,81680.39029,345661.6786,105303.8999,0,17230.48089,632899.6739,12556753.63,0,0,0,0,0,0,0,0,0,0,0,0,0,306007.5213,267143.5946,5787236.349,176429.7714,0,0,0,0,0,0,206721.5724,2890.10847,23190.37074,0,479.551989,2672.870616,2588763.996,763.435573,1398240.2,113857.9106,5104.407588,0,0,0,0,0,0,0,2163.243816,3535.785731,0,0,3012.557717,0,25186701.24,7781377.906,0,0,-74878.99793,56997337.31,64703836.22,89890537.46,0,0,89890537.46,89890537.46
20,"Industri pengolahan daging, ikan, buah, dan sayuran",C.2,Industri Makanan dan Minuman,Industri Pengolahan,0,0,0,0,0,0,0,0,0,0,0,0,0,0,0,0,0,0,0,49954.36889,35590.17946,0,0,173024.2039,10544.62072,0,0,0,0,0,0,0,0,0,0,0,0,0,0,0,0,0,0,0,0,0,0,0,0,0,0,0,0,75269.1924,1050979.916,0,0,0,0,0,0,885.671325,18325.18165,182340.3956,34790.70449,0,1631704.434,15256669.22,0,0,125125.241,7593770.23,22975564.7,24607269.13,0,0,24607269.13,24607269.13
21,"Industri minyak, lemak, dan produk susu",C.2,Industri Makanan dan Minuman,Industri Pengolahan,0,0,0,0,0,0,0,0,0,0,40124.76081,0,0,0,0,0,0,0,0,38497.75128,303267.4045,0,0,335911.1674,12712.2897,12965.47702,0,0,0,0,0,0,0,0,0,0,0,0,0,0,0,0,0,0,0,0,0,0,0,0,0,0,0,67190.55415,622461.5548,0,0,0,0,0,0,1192.405947,49456.5701,66627.17956,19230.53731,0,1569637.653,4716618.054,0,0,20222.49738,644069.0573,5380909.609,6950547.262,0,0,6950547.262,6950547.262
22,"Industri penggilingan padi-padian, tepung, dan pati",C.2,Industri Makanan dan Minuman,Industri Pengolahan,0,0,0,0,0,0,0,0,0,0,601006.6049,0,0,0,0,0,0,0,0,221788.1124,90651.60648,828725.0871,0,1416540.432,874607.4749,0,0,0,0,0,0,0,0,0,0,0,0,0,0,0,0,0,0,0,0,0,0,0,0,0,0,0,0,201743.1858,1568758.722,0,0,0,0,0,0,17562.74255,139186.4226,59200.01716,137498.157,0,6157268.565,14738033.57,0,0,94734.64235,2589300.178,17422068.39,23579336.96,0,0,23579336.96,23579336.96
23,Industri gula,C.2,Industri Makanan dan Minuman,Industri Pengolahan,0,0,0,0,0,0,0,0,0,0,27809.83683,0,0,0,0,0,0,0,0,44448.81208,28629.71553,0,262484.8837,381840.907,3316.499813,181353.4605,0,0,0,0,0,0,0,0,0,0,0,0,0,0,0,0,0,0,0,0,0,0,0,0,0,0,0,39771.53495,280204.9798,0,0,0,0,0,0,3105.497283,23952.55128,5859.95463,8209.678348,0,1290988.312,2402779.514,0,0,68908.8714,4801632.028,7273320.414,8564308.726,0,0,8564308.726,8564308.726
24,"Industri roti, mi, cokelat, kopi/teh olahan, bumbu, dan makanan lainnya",C.2,Industri Makanan dan Minuman,Industri Pengolahan,0,0,0,0,0,0,0,0,0,0,0,0,0,0,0,0,0,0,0,0,0,0,0,426258.8053,9630.167813,80461.79605,0,0,0,0,0,0,0,0,0,0,0,0,0,0,0,0,0,0,0,0,0,0,0,0,0,0,0,104638.8562,905561.9108,0,0,0,0,0,0,24590.62469,94361.79013,32271.42914,24826.97438,0,1702602.354,24421555.76,0,0,211585.6219,5172319.639,29805461.02,31508063.37,0,0,31508063.37,31508063.37
25,Industri makanan hewan atau pakan,C.2,Industri Makanan dan Minuman,Industri Pengolahan,0,0,0,0,0,0,0,0,0,0,1690059.594,0,0,0,162507.3735,0,0,0,0,0,0,0,0,0,3670.64024,0,0,0,0,0,0,0,0,0,0,0,0,0,0,0,0,0,0,0,0,0,0,0,0,0,0,0,0,19351.82007,96528.7432,0,0,0,0,0,0,5532.321407,9925.985945,4677.561805,18561.80895,0,2010815.849,0,0,0,114730.4461,2163606.928,2278337.374,4289153.223,0,0,4289153.223,4289153.223
26,Industri minuman,C.2,Industri Makanan dan Minuman,Industri Pengolahan,0,0,0,0,0,0,0,0,0,0,0,0,0,0,0,0,0,0,0,0,0,0,0,0,0,14188.08408,0,0,0,0,0,0,0,0,0,0,0,0,0,0,0,0,0,0,0,0,0,0,0,0,0,0,0,50007.13367,251790.4958,0,0,0,0,0,0,3788.850547,36988.66972,13940.29789,38854.574,0,409558.1057,4608514.694,0,0,28111.51775,524696.9112,5161323.123,5570881.229,0,0,5570881.229,5570881.229
27,Industri pengolahan tembakau,C.3,Industri Pengolahan Tembakau,Industri Pengolahan,0,0,0,0,0,0,0,0,0,0,0,0,0,0,0,0,0,0,0,0,0,0,0,0,0,0,123639.0966,0,0,0,0,0,0,0,0,0,0,0,0,0,0,0,0,0,0,0,0,0,0,0,0,0,0,0,0,0,0,0,0,0,0,0,0,0,0,0,123639.0966,999268.4106,0,0,3773.926541,52244.43663,1055286.774,1178925.87,0,0,1178925.87,1178925.87
28,Industri tekstil,C.4,Industri Tekstil dan Pakaian Jadi,Industri Pengolahan,0,0,0,0,0,0,0,0,0,0,0,0,0,12742.73994,7825.684484,0,0,0,0,0,0,0,0,0,0,0,0,966593.2476,1326269.387,95763.08674,0,0,0,0,0,0,0,0,0,6923.640025,161235.4975,79497.47018,0,0,0,0,0,0,17810.8793,46.785401,0,0,0,0,0,0,0,0,0,0,1009.380988,0,0,0,17906.58152,0,2693624.38,402142.3162,0,0,-3073.568439,1012989.716,1412058.464,4105682.844,0,0,4105682.844,4105682.844
29,Industri pakaian jadi,C.4,Industri Tekstil dan Pakaian Jadi,Industri Pengolahan,0,0,0,0,0,0,0,0,0,0,0,0,0,0,0,0,0,0,0,0,0,0,0,0,0,0,0,0,253549.2148,0,0,0,0,0,0,0,0,0,0,0,0,47020.04564,0,0,0,0,0,0,0,0,0,0,0,0,0,0,0,0,0,0,1145.669277,0,0,0,16916.31591,0,318631.2456,5243710.425,0,0,38230.40732,1131710.941,6413651.773,6732283.019,0,0,6732283.019,6732283.019
30,"Industri kulit, barang dari kulit, dan alas kaki",C.5,"Industri Kulit, Barang dari Kulit dan Alas Kaki",Industri Pengolahan,0,0,0,0,0,0,0,0,0,0,0,0,0,0,0,0,0,0,0,0,0,0,0,0,0,0,0,0,60005.41157,358970.4991,0,0,0,0,0,0,0,0,0,9342.842276,0,34927.27206,0,0,0,0,0,0,13764.2132,236.123573,0,0,0,0,0,0,0,0,0,0,2372.911359,0,0,0,5925.266359,0,485544.5395,1286490.359,0,0,23291.41602,833862.1219,2143643.897,2629188.436,0,0,2629188.436,2629188.436
31,"Industri kayu, barang dari kayu, bambu, rotan, dan sejenisnya",C.6,"Industri Kayu, Barang dari Kayu dan Gabus dan Anyaman Bambu/Rotan",Industri Pengolahan,0,0,0,0,0,0,0,0,0,0,0,0,0,6320.347369,0,0,0,0,0,0,0,0,0,0,0,0,0,0,0,0,2037233.205,9701.411202,0,0,0,0,0,0,0,0,846331.4282,234982.2864,0,0,0,6246154.019,0,0,0,0,17.926172,421.753788,0,895.881012,3060.647608,0,0,0,0,1548.210385,435.111083,3235.55079,3546.387201,384.99355,4614.264331,0,9398883.423,1321152.732,0,0,45506.27626,2044303.29,3410962.298,12809845.72,0,0,12809845.72,12809845.72
32,"Industri kertas, barang dari kertas, pencetakan, dan reproduksi media",C.7,Industri Kertas dan Barang dari Kertas; Percetakan,Industri Pengolahan,0,0,0,0,0,0,0,0,0,0,1675.594618,2039.355403,446.265253,1165.777167,1527.843135,0.723421,34.61632,5014.098903,27.541595,245388.8238,29224.72617,47114.53474,47153.21568,79882.11169,5776.760821,66078.89854,40806.04871,10463.95781,11519.51674,9668.441239,37924.13665,219971.8345,55608.15742,0,0,0,0,0,0,0,21861.01625,33932.92925,1571.22265,0.412635,268.892426,15783.12137,10772.69126,73931.19897,16938.1754,119.008093,392.147188,2563.955568,870.270388,471.957838,1912.134378,12599.18939,11767.14421,843.998922,852.668779,1924.712882,1427.238824,4885.654501,322646.5172,27680.95876,3432.592883,0,1487962.79,26609.47348,0,0,41294.73283,829952.3775,897856.5838,2385819.374,0,0,2385819.374,2385819.374
33,"Industri kimia, farmasi, dan obat tradisional",C.8,"Industri Kimia, Farmasi dan Obat Tradisional",Industri Pengolahan,760624.5986,86077.77472,99310.27981,208307.926,851.165993,6840.079793,119282.5792,23362.32633,37431.3457,133795.2771,45366.18792,46556.49434,15990.92652,77402.2265,70957.0515,9.418346,289.317368,41448.51864,325548.275,104358.4731,57245.6056,98437.86526,411018.8653,142179.3403,92884.7354,66799.37258,29167.82643,112149.1927,127248.5788,55377.39897,395199.4433,87054.13371,878431.9743,265881.4364,1532050.585,71656.25515,116943.9758,51834.37735,36203.00623,0,0,85765.03073,1269.565656,0.310091,1142.37734,42555.22292,6584.816065,18197.5592,29320.16837,111.685283,205.294739,2228.14368,510.132131,657.128896,1406.258578,6378.275784,1932.682591,272.046697,235.060325,1435.75173,962.535893,3078.437486,24712.14983,125149.469,9211.606194,0,7194895.92,689662.9061,0,0,2929.624371,1531210.569,2223803.099,9418699.02,0,0,9418699.02,9418699.02
34,"Industri karet, barang dari karet, dan plastik",C.9,"Industri Karet, Barang dari Karet dan Plastik",Industri Pengolahan,7182.270717,377.646537,810.986616,1141.997546,169.969506,468.147439,4485.779214,429.205875,928.000488,894.00716,11882.47799,3610.585822,781.488843,2687.007667,2399.193376,0.225836,33.047229,9958.676699,48.869732,2682.961257,1262.961372,4988.949458,9870.261554,8238.698226,1188.08064,2611.901926,6946.040905,13002.05138,19889.75193,23331.66658,95781.76728,39665.14895,144654.0828,429097.619,0,0,123688.9941,35966.3126,8621.582709,31391.63397,99367.28661,49222.84849,1291.863594,0.449053,610.533885,56421.80769,6990.401955,43935.49079,46557.93735,206.968593,357.223567,1876.254764,723.903091,290.931585,1985.097653,2242.774007,3365.722377,303.742411,360.920973,1251.475898,1088.971043,4129.991848,13822.88824,26006.50042,7289.452242,0,1420871.489,126629.4958,0,0,22958.68839,2887209.235,3036797.42,4457668.909,0,0,4457668.909,4457668.909
35,Industri barang galian bukan logam,C.10,Industri Barang Galian bukan Logam,Industri Pengolahan,0,0,0,0,0,0,0,0,0,0,0,0,0,0,0,82.712986,6170.989671,462640.0921,86.66148,19768.00882,2671.056654,7856.786441,49054.79777,60856.31989,1186.876945,15785.06906,53064.61357,41911.48581,44813.59532,196963.5064,354081.0032,45314.85342,366505.8108,140958.2693,10089006.79,116883.6764,0,0,0,0,223996.7814,477658.7548,2792.501481,0.655063,539.44437,7157599.567,28486.22971,173807.5451,34098.4896,703.448906,1122.725842,12735.36994,2653.866836,1205.035198,4675.526294,10977.92709,18540.23824,931.578551,2136.390898,8856.242658,3121.169134,3655.833568,37610.51709,7702.6245,7092.090226,0,20298363.53,1360254.984,0,0,168512.0269,19754412.26,21283179.27,41581542.8,0,0,41581542.8,41581542.8
36,Industri logam dasar,C.11,Industri Logam Dasar,Industri Pengolahan,0,0,0,0,0,0,0,0,0,0,0,0,0,0,0,0.192316,48.885337,55.310474,49.354412,0,0,0,0,0,0,0,0,3715.692073,0,1987.221677,0,0,32087.03398,6579.45958,128914.2571,73452.28105,68303.21488,21566.83572,4826.902607,11213.70485,0,18688.82143,31.403581,0.006548,2.075561,943185.3439,210.254151,0,10119.25248,29.324161,107.441637,363.794626,0,0,0,472.214356,0,0,0,968.385314,123.515219,184.315188,0,0,90.110488,0,1327376.605,0,0,0,-2370.983285,557338.3136,554967.3303,1882343.935,0,0,1882343.935,1882343.935
37,"Industri barang logam, bukan mesin dan peralatannya",C.11,Industri Logam Dasar,Industri Pengolahan,0,0,0,0,0,0,0,0,0,0,0,194.746113,49.789299,109.019357,0,6.20193,775.232793,21436.03965,6.733821,0,0,0,0,0,0,0,0,972.404932,1335.896896,1062.213435,5969.90565,1026.819318,5933.685351,1300.273569,95940.6722,2661.290446,176538.8689,66958.34961,22209.29231,27024.15616,55740.34329,117753.8983,3754.825884,40.724327,373.983266,1287067.688,941.830975,2576.622305,26769.32872,79.156245,5688.290831,1336.052379,201.507737,63.862068,141.965376,1213.583921,306.82124,19.497542,11.219,131.393747,93.485322,120.55882,2840.419514,323.983335,450.056979,0,1939552.691,966089.6275,0,0,8927.415686,772107.306,1747124.349,3686677.04,0,0,3686677.04,3686677.04
38,"Industri barang logam, komputer, elektronik, optik, dan peralatan listrik",C.12,"Industri Barang Logam; Komputer, Elektronik, Optik; Peralatan Listrik",Industri Pengolahan,683.187621,52.8874,226.737228,350.845287,12.035393,47.401632,200.531074,39.137697,185.0844,158.114602,259.553396,198.915171,80.866971,315.636761,117.724244,0.525933,136.725887,6000.774609,18.009442,213.773026,318.26435,173.783801,1213.352471,1100.48002,22.242279,126.454752,1293.729089,5719.909436,3979.656249,1705.165241,21546.27845,4295.346692,13327.53023,3957.334633,95217.35206,6116.990326,44954.63233,46311.32531,27593.16278,30024.52978,23634.98151,25264.816,320.631521,0.857719,99.943508,478506.0267,955.077081,2960.956125,162550.3273,591.700537,58845.97968,8716.562075,1576.84957,38.909975,126.387011,44238.94686,500.548325,34.193026,15.185915,417.353457,416.693238,412.932062,3650.250175,386.867347,819.49569,0,1133378.46,28442.26667,0,74621.89025,229.645762,306582.4756,409876.2782,1543254.739,0,0,1543254.739,1543254.739
39,Industri mesin dan perlengkapan,C.13,Industri Mesin dan Perlengkapan,Industri Pengolahan,924.252889,89.583554,456.048757,403.858843,11.61765,19.15313,352.168245,62.139263,218.945918,214.7571,101.298926,494.339276,784.242627,256.63734,181.838709,27.747968,3657.957392,252670.1416,30.03239,279.191545,325.086263,211.507702,2286.733075,1472.012748,19.546629,590.894826,1198.118899,7286.638681,3414.104856,6573.756663,42086.8686,15041.72284,15914.36654,4924.413007,129069.7456,4209.44877,29973.30705,7258.42788,40094.93482,9363.679649,0,19289.78849,1462.925638,30.381333,2237.718612,225224.694,409.219078,928.698353,10981.93998,28.599957,5542.339533,1577.988094,216.152095,8.727911,36.428978,440.211198,50.258024,25.324041,0.416895,25.574587,485.85299,20.390685,1261.015733,157.536957,199.21218,0,853192.6636,0,0,8129.838674,28.043741,170998.2801,179156.1625,1032348.826,0,0,1032348.826,1032348.826
40,Industri kendaraan bermotor dan alat angkutan lainnya,C.14,Industri Alat Angkutan,Industri Pengolahan,0,0,0,0,0,0,0,0,0,0,0,743.55088,976.12502,264.121015,198.428035,62.850788,4699.135873,251165.8373,0,0,0,0,0,0,0,0,0,0,0,0,0,0,0,0,0,0,0,0,0,142850.2867,0,26169.8723,32.125105,0.190691,48.317691,2463.312833,305.599841,1122.623085,265309.3781,2194.305833,119870.361,19532.3676,1748.036167,12.987191,51.123876,397.142898,218.859029,41.670148,23.023708,1847.997917,583.778094,658.446167,1356.343196,182.325857,320.480764,0,845451.0047,118027.3241,0,419271.0169,1120.437982,218941.5051,757360.284,1602811.289,0,0,1602811.289,1602811.289
41,Industri furnitur,C.15,Industri Furnitur,Industri Pengolahan,0,0,0,0,0,0,0,0,0,0,0,0,0,0,0,0,0,0,0,0,0,0,0,0,0,0,0,0,0,0,0,0,0,0,0,0,0,0,0,0,146800.2228,16392.13178,0,0,0,5343.111375,0,0,0,0,0,0,0,164.457642,350.704611,0,0,0,0,868.454748,1072.848615,33.580573,11034.99949,883.182467,2573.659048,0,185517.3531,2377433.523,0,2013875.185,11731.5055,181924.5167,4584964.73,4770482.083,0,0,4770482.083,4770482.083
42,Industri pengolahan lainnya serta reparasi dan pemasangan mesin,C.16,Industri Pengolahan Lainnya; Jasa Reparasi dan Pemasangan Mesin dan Peralatan,Industri Pengolahan,807.111856,45.144578,79.100814,523.118141,26.621875,65.351507,406.88541,49.977901,127.209422,161.230726,400.794256,451.034137,413.301595,1112.345777,651.867746,0.553286,52.703315,5424.127365,17.978217,1377.392085,293.003435,530.112161,867.933696,1963.329241,91.782384,230.219447,1577.219696,3373.282674,4228.418245,1684.584409,15086.27985,6210.933868,20212.71554,73085.96131,55119.68873,6173.033032,13113.79145,11122.48406,1041.100026,6399.769538,7431.742369,78350.26245,275.441451,1.70058,35.50857,4111.109492,857.686083,4243.84291,54946.95939,43.814099,1157.621972,2472.851014,338.81877,92.763944,231.52327,2632.819874,1215.244253,146.519371,61.622339,778.41508,961.719064,2105.627616,11098.6853,3358.167793,5709.026463,0,417258.9863,2452112.663,0,1254545.722,28085.7882,989072.9177,4723817.091,5141076.078,0,0,5141076.078,5141076.078
43,Ketenagalistrikan,D.1,Ketenagalistrikan,Pengadaan Listrik dan Gas,6311.190219,526.172022,366.086397,1712.105315,34.246371,84.372344,1460.209488,144.431992,307.685039,2590.069044,1942.939894,889.633582,1209.763259,8407.750074,2985.53369,16.129056,342.199395,15930.68092,70996.96534,167426.9486,6908.48813,36682.63157,32807.10512,23689.21531,1937.673581,4338.054907,1009.792477,4603.441221,3896.351414,3040.33762,20691.7101,4328.157411,15407.95619,5156.572611,134723.9289,6426.354081,22481.15576,2872.153963,772.731268,1288.866891,4068.577017,13463.8387,88317.92993,148.653206,3151.037558,73737.90905,13386.41381,51431.41677,110219.2266,186.546999,11545.89996,6287.162713,1902.013671,1884.116126,2438.64868,45021.09966,9694.620236,836.714979,532.829643,9896.16388,2312.522314,11835.34638,27931.75937,5800.542031,15226.98366,0,1128005.763,10022.56026,0,0,0,80792.7471,90815.30736,1218821.071,0,0,1218821.071,1218821.071
44,"Pengadaan gas, uap/air panas, udara dingin, dan produksi es",D.2,Pengadaan Gas dan Produksi Es,Pengadaan Listrik dan Gas,0,0,0,0,0,0,0,0,0,0,4.94213,0,0,0,0,0.007052,0.286225,23.014236,1.327613,3153.260676,254.882517,558.21163,2757.717013,1569.389517,0,514.963892,25.162343,27.228037,15.321372,89.860494,680.366659,151.300872,692.501028,197.214215,2073.927995,616.48848,1507.811078,45.26345,32.16144,68.751076,15.095696,30.25442,2110.429619,22.677335,42.230174,5.854603,0,45.260104,0,0,0,3.364109,0,6.12381,60.569463,0,0,0,0,0,0.356515,4.520263,13.351828,2.957372,1.806092,0,17426.21244,128.574915,0,0,0,1919.157425,2047.73234,19473.94478,0,0,19473.94478,19473.94478
45,"Pengadaan air; pengelolaan sampah, limbah, dan daur ulang",E,"Pengadaan Air, Pengelolaan Sampah, Limbah dan Daur Ulang","Pengadaan Air, Pengelolaan Sampah, Limbah dan Daur Ulang",0,0,0,70.137161,12.518168,186.998166,309.740564,0,0,0,464.057635,0,0,369.421411,318.850217,0.253345,20.591017,508.050519,1.17688,13778.14807,4277.182475,7411.345656,10891.53288,10494.74674,806.420409,2913.123171,853.924894,901.426445,857.795677,646.353915,4116.139677,817.373767,7239.899081,2363.60854,22800.20545,4086.01682,9747.626201,568.92038,277.83391,716.269705,576.304724,2304.406877,5490.202979,264.265872,4893.055781,65848.29405,890.781216,3317.281476,822.687022,5.477282,22.860536,156.653926,66.531774,606.383893,657.73618,357.40841,375.978553,20.470949,9.662306,2920.680453,103.310985,5530.117758,10679.28798,4374.836143,13895.7356,0,233018.1017,14778.64592,0,0,0,13548.70695,28327.35287,261345.4545,0,0,261345.4545,261345.4545
46,Konstruksi,F,Konstruksi,Konstruksi,0,0,0,0,0,0,0,0,0,0,0,0,0,0,0,0,0,0,0,0,0,0,0,0,0,0,0,0,0,0,0,0,0,0,0,0,0,0,0,0,0,0,0,0,0,608360.2512,0,0,0,0,0,0,0,0,0,0,0,0,0,0,0,0,0,0,0,0,608360.2512,0,0,49224761.24,0,9135164.226,58359925.46,58968285.71,0,0,58968285.71,58968285.71
47,"Perdagangan, reparasi dan perawatan mobil dan sepeda motor",G.1,"Perdagangan Mobil, Sepeda Motor dan Reparasinya",Perdagangan Besar dan Eceran; Reparasi Mobil dan Sepeda Motor,48404.71699,2931.525175,5901.008082,7086.036073,840.006062,1996.990369,20465.02208,2362.69529,6740.643239,4813.493177,17518.8869,6593.672301,14553.07206,10093.81665,15055.16972,6.577532,1329.778925,107229.0972,78.585039,13827.10654,14013.4616,34300.55764,51777.61487,51568.488,5076.263285,11163.85982,2243.404304,3513.354053,3907.672519,2719.290256,110886.312,5151.897069,16937.3335,8207.779016,99963.15168,2635.054567,16259.11372,2725.579567,2365.417065,7830.984046,4528.7994,34263.35095,8425.97945,6.361029,634.677485,103753.8244,329395.0077,1332758.521,1273916.16,7354.400471,342370.5473,108877.795,23070.09687,2570.527784,10787.55692,14463.35086,21929.44498,3760.980398,1131.570291,6436.09046,7923.843715,8738.692102,35913.52943,6484.471102,14859.44625,0,4445429.514,97401.01212,0,0,0,1750781.737,1848182.749,6293612.263,0,0,6293612.263,6293612.263
48,"Perdagangan besar dan eceran, bukan mobil dan sepeda motor",G.2,"Perdagangan Besar dan Eceran, Bukan Mobil dan Sepeda Motor",Perdagangan Besar dan Eceran; Reparasi Mobil dan Sepeda Motor,625711.7791,54651.68811,75141.38095,154713.235,823.156636,3354.625481,92720.31846,16521.5256,26584.67606,196803.7012,228529.3761,94547.91584,46240.66815,253761.9602,164528.5201,1106.061819,10744.87142,1078269.379,417634.6853,1981588,662238.0176,1218278.148,1817856.961,1900822.459,221202.7048,686992.752,55663.81797,162737.2873,274962.9733,103673.5239,830034.7546,170049.3181,771421.4485,250090.43,1473984.246,140132.193,373290.0053,89149.42754,66453.31581,88749.00123,223101.0099,174404.1686,130091.7087,1553.179292,30870.3,4570936.182,248762.3465,1011466.498,1297628.622,10457.38875,203098.6457,84949.93848,19809.76446,67265.92194,324924.6112,486803.9313,163939.12,20536.78055,10590.03432,138893.3445,69861.52061,117456.7766,685157.5403,143730.6217,195409.2642,0,27313459.53,4962850.869,0,0,0,1612973.044,6575823.913,33889283.44,0,0,33889283.44,33889283.44
49,"Angkutan darat, rel, dan angkutan melalui saluran pipa",H.2,Angkutan Darat,Transportasi dan Pergudangan,293365.8701,27633.88518,36710.89877,59927.64942,647.290711,1593.819107,46876.3689,7310.308415,12142.08354,133978.4551,56194.24781,56628.36464,35957.77456,177239.6601,85709.2177,987.764223,19778.83105,1348443.809,29.610605,2060192.247,354164.5208,993198.5692,499160.8126,769120.3377,89643.00103,299350.5164,24421.49591,44854.04672,65563.5309,33845.00715,290394.1753,96251.45203,257428.2828,69353.83862,1008967.804,58333.65175,176587.63,35373.28725,23907.493,44803.54417,102092.9777,97189.99218,89831.78724,1332.67316,16747.51843,1550009.807,241844.922,1349300.305,765474.4371,4613.201637,141298.1513,56767.91196,9972.321923,15590.23828,85126.80103,321945.7376,126105.7911,14122.44256,6979.77445,87910.76326,74469.04045,209067.7984,519953.8217,60328.95824,123631.398,0,15767779.73,3725137.046,0,0,0,1455667.836,5180804.882,20948584.61,0,0,20948584.61,20948584.61
50,Angkutan udara,H.5,Angkutan Udara,Transportasi dan Pergudangan,0,0,0,0,0,0,0,0,0,0,0,0,0,0,0,0,0,0,0,0,0,0,0,0,0,0,0,0,0,0,0,0,0,0,0,0,0,0,0,0,0,0,0,0,0,0,0,4542.146186,0,612.582924,0,4415.965793,1903.211403,59.489265,0,1117.90058,377.107717,71.197434,92.48137,0,304.209568,1679.382077,3766.487564,437.961513,702.530242,0,20082.65364,1924.12582,0,0,0,73127.22406,75051.34988,95134.00352,0,0,95134.00352,95134.00352
51,Angkutan perairan,H.3/H.4,Angkutan Laut; Angkutan Sungai Danau dan Penyeberangan,Transportasi dan Pergudangan,0,0,0,0,0,0,0,0,0,0,0,0,0,0,0,4.551363,652.73961,2905.637448,3405946.728,993.373026,1846.501909,958.493951,2572.967615,6378.079248,740.547331,1924.376284,0,0,0,0,4458.474195,582.427663,1552.748173,726.214523,1190718.64,621.396074,1943.093022,359.253285,254.37778,469.754631,517.769123,920.597443,0,0,0,4732.5054,0,1378.27901,60359.37005,0,27246.6638,21255.63444,5040.022234,37.755056,218.22171,0,0,0,0,0,0,0,0,0,0,0,4748317.192,7099.173059,0,0,0,793462.2949,800561.4679,5548878.66,0,0,5548878.66,5548878.66
52,Pergudangan dan aktivitas penunjang angkutan,H.6,Pergudangan dan Jasa Penunjang Angkutan; Pos dan Kurir,Transportasi dan Pergudangan,7763.127647,253.574361,416.150465,784.349144,175.924282,279.080482,4124.765813,329.72672,1007.408308,862.681413,2646.506642,484.450989,667.635197,2319.267857,2057.654542,85.427295,1657.824491,116444.0783,70805.26707,107249.0062,883.587009,52345.99936,11976.70134,10771.96279,814.083059,1139.572304,1342.400307,1067.856195,901.915444,1345.304721,31563.67308,1496.338158,5375.938564,2358.788062,80314.05535,543.391339,3106.73153,500.904124,294.352971,202.424766,1316.742018,12392.91753,1585.261474,0.5915,142.336313,26861.57041,35033.321,160851.3495,175127.9566,2070.794519,82565.47211,28295.63502,6052.536499,1687.459695,7491.991975,3966.990754,5836.377156,505.747147,532.727714,884.75767,854.820939,8000.17818,9742.51732,1908.343647,1978.763348,0,1104447.048,145405.1328,0,0,0,520609.9639,666015.0967,1770462.144,0,0,1770462.144,1770462.144
53,Aktivitas pos dan kurir,H.6,Pergudangan dan Jasa Penunjang Angkutan; Pos dan Kurir,Transportasi dan Pergudangan,0,0,0,0,0,0,0,0,0,0,0,0,0,0,0,0.295205,103.785618,0,3.925834,1796.688512,150.308721,3112.980722,4343.036431,4065.197596,196.052285,213.738196,165.86934,302.253228,375.929221,226.916213,8982.690436,318.157576,1246.912186,710.985182,8905.08944,381.922243,570.140084,257.807484,107.491239,64.319343,363.044959,7477.869874,0,0,0,12674.45537,8277.038916,47962.54363,35211.18595,783.663743,28312.15931,20194.26385,1508.218548,162.055931,1057.116108,672.42411,839.971852,26.816711,43.61543,81.638818,97.338009,451.680258,1282.181351,242.96562,241.752848,0,204566.4935,32194.77741,0,0,0,197289.8399,229484.6173,434051.1108,0,0,434051.1108,434051.1108
54,Penyediaan akomodasi,I.1,Penyediaan Akomodasi,Penyediaan Akomodasi dan Makan Minum,0,0,0,0,0,0,0,0,0,0,0,0,0,0,0,0,0,0,0,0,0,0,0,0,0,0,0,0,0,0,0,0,0,0,0,0,0,0,0,0,0,0,0,0,0,0,20342.6918,108682.1904,25948.59941,143.223198,540.281803,7494.001807,1262.289905,1932.330709,4808.610378,18610.23967,16776.03997,1453.590644,2838.869424,4280.058813,3081.928399,47767.48578,163229.1294,9219.222354,301304.2014,0,739714.9852,1038819.86,0,0,0,341602.2137,1380422.073,2120137.058,0,0,2120137.058,2120137.058
55,Penyediaan makanan dan minuman,I.2,Penyediaan Makan Minum,Penyediaan Akomodasi dan Makan Minum,0,0,0,0,0,0,0,0,0,0,0,0,0,0,0,0,0,0,0,0,0,0,0,0,0,0,0,0,0,0,0,0,0,0,0,0,0,0,0,0,0,0,0,0,0,0,39364.04242,290634.5547,113230.1395,820.906744,1030.844831,15040.91998,3309.069972,3927.208682,12647.81977,38426.39061,37533.18228,3138.330161,4637.417585,6388.612996,6583.576802,73458.05768,171611.5038,18727.21899,435281.0794,0,1275790.877,11024186.02,0,0,0,444360.4814,11468546.5,12744337.38,0,0,12744337.38,12744337.38
56,Informasi dan komunikasi,J,Informasi dan Komunikasi,Informasi dan Komunikasi,57004.95314,5680.056485,9147.959852,16531.96126,223.48465,613.821774,14713.61904,2274.453134,4048.394327,32892.29756,13374.35725,19937.39408,30224.44889,54202.53816,27210.33307,280.273379,5379.132434,270632.6787,48.380582,345806.4823,204697.7285,253854.3608,407477.9066,460548.0963,50498.89332,172571.1249,42680.74298,40785.4504,54519.31836,48975.67058,195099.6542,64473.15778,348569.3705,72664.09355,515385.9414,38997.4654,96595.50768,21275.93216,18829.70695,31470.37947,119610.8698,89352.00656,40617.54137,606.029192,8382.497417,922783.868,179648.2915,956494.6433,571935.9219,5852.41135,98549.8538,95308.49773,21275.38477,19811.52474,36843.16968,2221539.176,445296.2101,68420.60455,33445.07591,293200.6605,165187.3967,217948.7646,877579.6951,77287.85802,182240.0063,0,11799415.48,1224168.312,0,102935.6753,0,1076622.808,2403726.795,14203142.28,0,0,14203142.28,14203142.28
57,"Aktivitas jasa keuangan, bukan asuransi dan dana pensiun",K ,Jasa Keuangan dan Asuransi,Jasa Keuangan dan Asuransi,113953.1449,15231.13553,21685.23979,32151.92354,903.585092,2236.332678,53989.65567,8346.030505,13447.75638,73566.68209,33929.41588,38857.15536,26229.42509,78827.96961,42406.33346,213.042036,3884.580584,268396.2882,34.922337,231394.1088,80922.68611,136351.2294,202983.4523,255762.4616,29434.03726,63339.98207,21916.81678,25373.05124,26269.48717,15994.62655,104177.6228,29626.53118,112183.6778,27089.0797,282042.2697,20990.23896,46001.96709,10807.90073,6873.169983,13235.58753,28551.49654,56294.78542,40106.26237,338.801777,3811.85798,808230.84,139126.5881,740318.0061,464667.9672,2189.64038,75006.31277,44076.77806,7268.728876,11956.30058,29753.73194,216141.1989,167366.4336,24098.47164,25186.31207,151690.6443,39681.75094,28053.15287,120299.2326,21946.04992,91502.97832,0,5908724.927,43402.85088,0,0,0,128047.7527,171450.6036,6080175.53,0,0,6080175.53,6080175.53
58,"Asuransi, penjaminan, reasuransi, dan dana pensiun",K,Jasa Keuangan dan Asuransi,Jasa Keuangan dan Asuransi,3130.374579,104.93323,199.308196,331.763588,75.719906,133.142056,1898.06848,199.689133,463.471136,421.813323,0,285.30538,346.717406,1131.208979,1292.17701,2.66423,39.621027,2753.545139,3.228352,702.454588,120.428265,1770.425786,2481.607015,1786.453052,75.411632,109.223035,188.909077,120.926398,0,256.099257,5934.813816,151.581571,1081.608074,229.996077,3930.058907,21.047726,0,254.274206,113.528655,93.677991,568.198204,2797.854473,742.046397,0.270994,23.186139,13350.18225,5470.306991,23830.57406,4570.671802,21.288392,209.824673,1543.23916,553.019072,341.563608,1072.518227,4908.471629,134824.5134,9404.467165,3378.204737,1800.071827,366.492659,655.170138,1768.906016,860.478555,1071.769829,0,246368.5667,554908.2177,0,0,0,15907.36095,570815.5787,817184.1454,0,0,817184.1454,817184.1454
59,Aktivitas penunjang jasa keuangan dan asuransi,K,Jasa Keuangan dan Asuransi,Jasa Keuangan dan Asuransi,6817.257691,468.694103,797.700924,1178.669655,108.320309,240.797127,2481.249978,265.654146,603.724806,543.487237,924.837152,455.012215,529.537029,1488.245828,1907.953985,3.9365,178.115574,6265.770817,0.028628,1458.979492,419.447263,3136.240386,6586.589376,3959.587676,87.501968,247.839165,589.363786,702.824036,610.739704,1052.784954,8539.127599,909.576787,2683.807282,475.00495,13067.48882,113.923431,1511.933645,242.103995,68.795133,105.322052,370.464524,4948.632839,2174.213717,0.878046,26.350539,11525.57923,4667.947176,19735.81025,14219.43007,45.10916,94.296053,1536.623685,273.302853,454.144852,1233.378665,4274.32843,107336.5632,43028.32015,38606.6503,771.766515,986.30192,602.609987,3118.344,706.624411,1636.414165,0,334202.06,110665.0872,0,0,0,25612.59594,136277.6832,470479.7432,0,0,470479.7432,470479.7432
60,Real estat,L,Real Estate,Real Estate,0,0,0,0,0,0,0,0,0,0,1216.527793,0,140.492743,0,1018.19158,6.614259,900.098397,50490.71148,55.446587,5326.300278,1558.666645,4303.827755,11890.91649,16681.69138,722.140708,1485.809978,627.147506,686.69305,575.271523,1574.791642,18222.39251,2348.662782,6570.005287,4293.411689,31352.11437,1887.484406,3501.459975,746.73749,185.944077,383.482003,1779.105979,11996.7353,776.665752,0,340.769266,75262.17123,281019.0602,1433422.341,18487.95231,144.68678,418.371572,5023.755367,1029.382973,7393.151881,26505.02455,609080.7132,313982.5327,19709.89151,15999.79463,4500.602201,61659.33844,89363.67784,594410.8005,49291.92894,275678.9226,0,4066030.411,326005.8306,0,0,0,13798.14949,339803.98,4405834.391,0,0,4405834.391,4405834.391
61,"Jasa profesional, ilmiah, teknis, penyewaan, ketenagakerjaan, dan penunjang usaha","M,N",Jasa Perusahaan,Jasa Perusahaan,11324.80604,1043.158764,1203.360855,2597.430268,98.151712,258.448143,2459.344363,266.367126,740.047392,5051.179701,3537.409289,6057.847571,4893.689267,7076.543682,2315.437376,32.575577,1541.753998,71409.92607,79992.12775,23714.08376,5234.734193,11107.93047,26102.79093,26409.53353,1473.229017,5589.853684,3688.731888,2287.701784,2533.303267,2056.401031,24365.63954,3380.972086,13886.17501,5990.206678,50198.36391,1869.857091,7154.955053,1969.876051,1679.47973,2236.499036,3184.932319,9505.222223,7639.421516,79.656934,1063.70642,214752.11,24962.78429,96316.24987,125125.2495,554.357649,46090.64438,9888.551778,1921.86158,1369.439473,2634.647161,91897.22594,55732.57716,3397.919932,1887.791503,34760.93293,7048.376979,20543.59307,66099.03057,10354.49731,14577.87655,0,1276218.58,4621.183816,0,3338.134174,0,52894.43859,60853.75658,1337072.336,0,0,1337072.336,1337072.336
62,"Administrasi pemerintahan, pertahanan, dan jaminan sosial wajib",O,"Administrasi Pemerintahan, Pertahanan dan Jaminan Sosial Wajib","Administrasi Pemerintahan, Pertahanan dan Jaminan Sosial Wajib",0,0,0,0,0,0,0,0,0,0,0,0,0,0,0,0,0,0,0,0,0,0,0,0,0,0,0,0,0,0,0,0,0,0,0,0,0,0,0,0,0,0,0,0,0,0,0,0,0,0,0,0,0,0,0,0,0,0,0,0,0,11265.29023,0,0,0,0,11265.29023,0,6651296.615,0,0,0,6651296.615,6662561.905,0,0,6662561.905,6662561.905
63,Pendidikan,P,Jasa Pendidikan,Jasa Pendidikan,0,0,0,0,0,0,0,0,0,0,0,0,0,0,0,0,0,0,0,0,0,0,0,0,0,0,0,0,0,0,0,0,0,0,0,0,0,0,0,0,0,0,0,0,0,0,0,0,0,0,0,0,0,0,0,0,27064.55935,4418.494131,2950.016339,0,4007.985066,372973.4809,128308.0716,0,14576.16356,0,554298.7709,7375580.303,5177421.93,0,0,3056662.822,15609665.05,16163963.83,0,0,16163963.83,16163963.83
64,Kesehatan manusia dan kegiatan sosial,Q,Jasa Kesehatan dan Kegiatan Sosial,Jasa Kesehatan dan Kegiatan Sosial,0,0,0,0,0,0,0,0,0,0,0,0,0,0,0,0,0,0,0,0,0,0,0,0,0,0,0,0,0,0,0,0,0,0,0,0,0,0,0,0,0,0,0,0,0,0,0,0,0,0,0,0,0,0,0,0,0,0,0,0,2611.249704,197695.6166,0,7587.294366,13733.48308,0,221627.6438,2343894.027,620315.2573,0,0,113195.8344,3077405.118,3299032.762,0,0,3299032.762,3299032.762
65,"Jasa lainnya, kesenian, rumah tangga pemberi kerja, dan badan internasional","R,S,T,U",Jasa lainnya,Jasa lainnya,0,0,0,0,0,0,0,0,0,0,16983.65812,47349.03736,5727.962327,16438.48376,20083.85358,1.182736,867.523127,54151.34514,59.338487,20575.95635,16103.84893,56806.4103,62121.65299,63451.83244,2429.403171,13806.43323,1930.383392,3642.624022,3877.433194,4127.989215,59400.26004,3868.537708,22677.52258,9741.203689,148056.2169,3088.506878,4743.899257,617.589416,321.243754,359.758576,1654.741734,25958.13729,7900.414384,35.392013,2723.656047,166600.9428,31874.45459,143294.7705,94718.84104,384.825013,1262.270178,12228.62134,4657.997007,18206.92377,93691.20494,75203.02994,19664.88669,3628.242733,3191.040237,8798.055043,6192.395062,13690.7207,81994.98087,14728.04219,488076.9429,0,1983772.62,4580527.645,281236.1987,0,0,152291.0365,5014054.88,6997827.499,0,0,6997827.499,6997827.499
66,Sektor yang tidak jelas batasannya,"R,S,T,U",Jasa lainnya,Jasa lainnya,0,0,0,0,0,0,0,0,0,0,0,0,0,0,0,0,0,0,0,0,0,0,0,0,0,0,0,0,0,0,0,0,0,0,0,0,0,0,0,0,0,0,0,0,0,0,0,0,0,0,0,0,0,0,0,0,0,0,0,0,0,0,0,0,0,0,0,0,0,0,0,,0,0,0,0,0,0
190,Jumlah Input Antara Domestik,,,,3571058.348,288934.6157,491934.6375,967345.5958,10555.67577,39710.27704,821333.7077,95396.83916,189340.7576,1532558.22,3222365.903,679119.5592,372605.6346,1080069.614,777034.3121,3175.794278,91615.88398,5852790.243,16928995.18,13710315.76,3547623.857,15058512.26,3966926.544,15454069.45,2303186.106,2421254.992,418562.0192,1457023.99,2295120.575,975840.508,6215811.764,822923.7274,3621066.333,1780730.262,25235710.77,772508.0943,1338519.814,408785.1236,263127.0242,466612.8655,2078699.43,1888216.999,646343.0352,7355.82776,101402.3455,25693841.37,1661059.356,8100160.149,8429595.463,41394.86125,2651210.653,691028.3183,124819.6988,717137.5807,5962946.506,4236022.703,1692573.428,223198.0541,155730.3771,773268.8125,470797.8797,1519497.331,4308637.516,991154.3182,2553162.722,0,215269427.4,132427952,12730270,54310714.4,1277100.479,154928283.3,355674320.2,570943747.6,0,0,570943747.6,570943747.6
195,Pajak Dikurang Subsidi Atas Produk,,,,45270.28944,4043.653896,6841.833175,17021.10309,106.453061,426.507598,9241.040833,1181.922398,2181.439697,14830.44836,19401.02711,6026.139259,4986.531029,7660.023553,4654.983847,64.733265,1518.3173,101693.2729,907115.0085,215227.3982,62972.1502,197302.4983,86684.25677,301527.6799,37459.50741,64189.5085,13686.33242,43493.65056,72463.67669,28657.3047,132875.8547,26366.26686,97120.79932,48286.64174,385041.6085,18703.41991,36648.48213,17401.44668,11920.90608,18098.55444,53204.15061,57566.00866,9559.876737,180.213436,2064.395317,349347.5324,61203.93177,335521.6003,213602.3611,801.167992,46158.04595,17664.98891,4638.36173,27387.73675,148205.9274,84144.08944,36134.07476,4839.831423,2660.939948,26101.613,7921.256583,39471.20953,95760.64165,19544.55587,41457.43326,0,4755534.617,0,0,0,0,0,0,4755534.617,0,0,4755534.617,4755534.617
200,Total Impor menurut Penggunaan,,,,722707.6146,62829.72968,107442.9055,198671.9236,2305.87236,9072.715127,161201.0317,20835.73091,40628.419,331718.0912,633847.6898,130359.2457,71984.39143,230801.5496,185818.8038,238.78057,16065.51949,901063.3434,31619974.79,4604004.705,1437403.243,3054871.583,1723659.961,6331064.145,867251.329,886254.85,241800.3002,1098064.628,1457264.337,622652.1731,1768746.624,491192.4636,2495524.163,1034700.064,4677577.218,558863.0121,1061482.727,445140.9346,306096.2723,486977.3862,619846.9446,897990.0272,368084.2958,2791.856896,16203.10902,8507764.343,373627.6388,1546138.559,2348321.902,24996.00452,1125298.971,231247.6859,31326.97036,134599.2432,1449071.11,1195249.573,253254.8664,46393.78674,37798.90616,78075.57887,88634.45657,146204.5736,478966.3098,237208.4439,306424.7777,0,91643680.2,20722987.99,0,18235715.6,655539.5208,0,39614243.1,131257923.3,131257923.3,0,0,131257923.3
201,Kompensasi Tenaga Kerja,,,,3546534.1,322593.2911,541821.5331,1427590.143,8028.201572,33488.59945,737080.2163,93958.05846,168397.9419,1042310.626,1250459.095,399939.9472,385940.6424,512017.4182,290645.2317,1759.402623,36039.9955,2578251.521,16982470.04,2552642.931,799070.165,2212833.258,1170555.945,3956988.879,454127.6376,923656.3888,212048.4317,632982.2416,1221122.461,420856.1491,1970812.821,439041.5048,1346094.844,669459.8151,4738949.545,223553.1516,525010.9271,282209.4382,189505.9419,265071.4427,847867.2546,964867.278,68191.8521,3201.116342,49586.46164,11720319.58,1805020.174,10280209.15,4480679.197,12573.88639,776794.9461,373734.5181,122969.736,583275.874,2436533.504,5038881.028,2376963.633,314796.4344,159087.9216,2046465.264,446436.8712,2875285.498,6542747.628,1189652.758,2376133.889,0,113458195.4,,,,,,,,,,,
202,Surplus Usaha Bruto,,,,6623673.981,602490.4113,1011931.393,2666234.531,14993.84705,62544.88427,1376605.698,175480.4915,314507.921,1946668.376,2335416.25,746946.6662,720800.9057,956267.8252,542822.7121,5102.267609,104515.987,7476929.411,22441121.13,3373135.301,1055914.147,2924101.09,1546806.07,5228878.162,600097.2354,1220545.942,280206.8562,836440.8193,1613626.109,556131.3399,2604288.371,580161.9885,1778768.187,884643.3272,6262183.327,295409.5218,693764.4394,372919.6148,250418.566,350272.9778,1120396.015,1275003.189,121771.1645,5716.279182,88547.25293,12086579.57,2287758.128,13029567.41,5227459.063,14669.53412,906260.7704,436023.6044,143464.692,626711.3114,2617977.488,3431651.735,1618794.198,214387.2269,108344.3604,1393713.413,304038.9036,1958168.572,4455836.747,810194.5504,1618229.114,0,139335032.4,,,,,,,,,,,
203,Pajak Dikurang Subsidi Lainnya Atas Produksi,,,,260774.5662,23720.09493,39839.81861,104969.8634,590.308939,2462.397018,54197.07473,6908.680769,12382.20161,76640.48723,91945.52166,29407.34906,28377.98841,37648.33957,21370.97292,175.940262,3603.999549,257825.1521,1010861.312,151943.0316,47563.7003,131716.2653,69675.94909,235535.0523,27031.407,54979.54695,12621.93046,37677.51438,72685.86075,25050.96126,117310.287,26133.42291,80124.6931,39848.79852,282080.33,13306.73522,31250.65043,16798.18085,11280.11559,15778.06206,50468.28896,57432.57607,4870.846579,228.651167,3541.890116,610433.3117,104943.0334,597686.5783,248926.6221,698.549243,43155.27478,20763.02878,6831.651999,31025.31245,129602.8459,217193.1478,102455.329,13568.81183,6857.237999,88209.70967,19242.96859,123934.7198,282014.984,51278.1361,102419.5642,0,6481877.635,,,,,,,,,,,
209,Total Input Primer,,,,10430982.65,948803.7973,1593592.745,4198794.537,23612.35756,98495.88074,2167882.989,276347.2308,495288.0645,3065619.489,3677820.866,1176293.962,1135119.537,1505933.583,854838.9168,7037.610494,144159.982,10313006.08,40434452.48,6077721.264,1902548.012,5268650.613,2787037.964,9421402.093,1081256.28,2199181.878,504877.2184,1507100.575,2907434.43,1002038.45,4692411.479,1045336.916,3204987.724,1593951.941,11283213.2,532269.4086,1250026.017,671927.2338,451204.6235,631122.4826,2018731.558,2297303.043,194833.8631,9146.046691,141675.6047,24417332.47,4197721.336,23907463.13,9957064.882,27941.96976,1726210.991,830521.1512,273266.0799,1241012.498,5184113.838,8687725.911,4098213.161,542752.4732,274289.52,3528388.387,769718.7434,4957388.79,11280599.36,2051125.444,4096782.567,0,259275105.4,,,,,,,,,,,
210,Total Input,,,,14770018.9,1304611.797,2199812.121,5381833.16,36580.35876,147705.3805,3159658.769,393761.7232,727438.6808,4944726.248,7553435.486,1991798.907,1584696.094,2824464.771,1822347.017,10516.91861,253359.7028,17168552.94,89890537.46,24607269.13,6950547.262,23579336.96,8564308.726,31508063.37,4289153.223,5570881.229,1178925.87,4105682.844,6732283.019,2629188.436,12809845.72,2385819.374,9418699.02,4457668.909,41581542.8,1882343.935,3686677.04,1543254.739,1032348.826,1602811.289,4770482.083,5141076.078,1218821.071,19473.94478,261345.4545,58968285.71,6293612.263,33889283.44,20948584.61,95134.00352,5548878.66,1770462.144,434051.1108,2120137.058,12744337.38,14203142.28,6080175.53,817184.1454,470479.7432,4405834.391,1337072.336,6662561.905,16163963.83,3299032.762,6997827.499,0,570943747.6,,,,,,,,,,,
